{
    "t": [
        0.0,
        0.5555555555555556,
        1.1111111111111112,
        1.6666666666666667,
        2.2222222222222223,
        2.7777777777777777,
        3.3333333333333335,
        3.8888888888888893,
        4.444444444444445,
        5.0
    ],
    "q": [
        [
            0.0,
            0.0,
            0.0,
            0.0,
            0.0
        ],
        [
            0.0037026648340061454,
            -0.003953289636912247,
            0.03830034537688642,
            0.006249844945451873,
            0.005717266036403599
        ],
        [
            0.02453219343764424,
            -0.02619272076614987,
            0.25376087862042807,
            0.04140866430819214,
            0.03788003576542296
        ],
        [
            0.06738197545938056,
            -0.07194290524266296,
            0.696998796263955,
            0.11373616506458895,
            0.10404416738494833
        ],
        [
            0.12735862125074882,
            -0.13597923121150143,
            1.317396901774137,
            0.21497264023827414,
            0.19665380269708943
        ],
        [
            0.1936966735851232,
            -0.20680755259177508,
            2.003597362777647,
            0.3269467344812378,
            0.29908605366648777
        ],
        [
            0.2536733193764914,
            -0.27084387856061337,
            2.6239954682878297,
            0.42818320965492296,
            0.39169568897862905
        ],
        [
            0.29652310139822724,
            -0.3165940630371261,
            3.0672333859313525,
            0.5005107104113193,
            0.4578598205981539
        ],
        [
            0.31735263000186564,
            -0.3388334941663642,
            3.2826939191748945,
            0.5356695297740603,
            0.49002259032717355
        ],
        [
            0.3210552948358718,
            -0.3427867838032763,
            3.3209942645517785,
            0.541919374719511,
            0.4957398563635764
        ]
    ],
    "qd": [
        [
            0.0,
            0.0,
            0.0,
            0.0,
            0.0
        ],
        [
            0.018790616250110487,
            -0.02006250952300841,
            0.19437003468798744,
            0.031717274789253555,
            0.02901449547989844
        ],
        [
            0.05754626226596336,
            -0.06144143541421325,
            0.5952582312319615,
            0.097134154042089,
            0.08885689240718896
        ],
        [
            0.09512749476618432,
            -0.10156645446023006,
            0.9839983006079358,
            0.16056870362059605,
            0.14688588336698577
        ],
        [
            0.11744135156319048,
            -0.1253906845188025,
            1.214812716799921,
            0.19823296743283456,
            0.18134059674936515
        ],
        [
            0.11744135156319041,
            -0.12539068451880253,
            1.2148127167999196,
            0.19823296743283436,
            0.1813405967493651
        ],
        [
            0.0951274947661842,
            -0.10156645446023,
            0.983998300607932,
            0.1605687036205956,
            0.1468858833669855
        ],
        [
            0.057546262265963044,
            -0.06144143541421321,
            0.5952582312319565,
            0.09713415404208825,
            0.08885689240718864
        ],
        [
            0.018790616250109915,
            -0.020062509523008032,
            0.19437003468798153,
            0.03171727478925224,
            0.029014495479897873
        ],
        [
            -4.440892098500626e-16,
            -4.440892098500626e-16,
            -7.105427357601002e-15,
            -4.440892098500626e-16,
            -4.440892098500626e-16
        ]
    ],
    "qdd": [
        [
            0.0,
            0.0,
            0.0,
            0.0,
            0.0
        ],
        [
            0.05919044118784801,
            -0.06319690499747647,
            0.6122656092671603,
            0.09990941558614867,
            0.09139566076168007
        ],
        [
            0.07398805148481001,
            -0.07899613124684558,
            0.7653320115839501,
            0.12488676948268579,
            0.11424457595210011
        ],
        [
            0.05707649685971056,
            -0.06093987267613806,
            0.5903989803647611,
            0.09634122217235754,
            0.08813153002019142
        ],
        [
            0.021139443281374237,
            -0.022570323213384397,
            0.21866628902398433,
            0.03568193413790996,
            0.032641307414885745
        ],
        [
            -0.021139443281374293,
            0.02257032321338448,
            -0.21866628902398766,
            -0.03568193413791071,
            -0.03264130741488591
        ],
        [
            -0.057076496859710724,
            0.06093987267613793,
            -0.590398980364764,
            -0.09634122217235808,
            -0.0881315300201917
        ],
        [
            -0.07398805148481014,
            0.07899613124684568,
            -0.7653320115839533,
            -0.12488676948268651,
            -0.11424457595210002
        ],
        [
            -0.05919044118784811,
            0.06319690499747654,
            -0.6122656092671637,
            -0.09990941558614952,
            -0.09139566076167993
        ],
        [
            0.0,
            -2.220446049250313e-16,
            -7.105427357601002e-15,
            -8.881784197001252e-16,
            0.0
        ]
    ]
}