{
    "t": [
        0.0,
        0.5555555555555556,
        1.1111111111111112,
        1.6666666666666667,
        2.2222222222222223,
        2.7777777777777777,
        3.3333333333333335,
        3.8888888888888893,
        4.444444444444445,
        5.0
    ],
    "q": [
        [
            0.0,
            0.0,
            0.0,
            0.0,
            0.0
        ],
        [
            0.004598009149578621,
            -0.004675718395723446,
            0.029139630643113916,
            0.004181123508398216,
            0.005473475048415699
        ],
        [
            0.03046434255932267,
            -0.03097920910646724,
            0.19306609906274594,
            0.02770224562392474,
            0.036264786223864365
        ],
        [
            0.08367566430356511,
            -0.0850898356508086,
            0.5302899303379013,
            0.07608908023433052,
            0.09960760099121257
        ],
        [
            0.15815531030797303,
            -0.16082823451017036,
            1.0023005993895748,
            0.14381591345186462,
            0.18826825188559373
        ],
        [
            0.24053461960901373,
            -0.24459980594368236,
            1.5243749510439546,
            0.21872617472347483,
            0.28633267048430144
        ],
        [
            0.3150142656134215,
            -0.32033820480304404,
            1.9963856200956278,
            0.28645300794100903,
            0.3749933213786827
        ],
        [
            0.36822558735766386,
            -0.37444883134738505,
            2.33360945137078,
            0.3348398425514145,
            0.4383361361460304
        ],
        [
            0.3940919207674083,
            -0.4007523220581297,
            2.4975359197904154,
            0.35836096466694145,
            0.46912744732147993
        ],
        [
            0.3986899299169866,
            -0.40542804045385195,
            2.5266755504335254,
            0.3625420881753385,
            0.4746009223698948
        ]
    ],
    "qd": [
        [
            0.0,
            0.0,
            0.0,
            0.0,
            0.0
        ],
        [
            0.023334390045438635,
            -0.0237287559113366,
            0.14788041630337984,
            0.02121874132896363,
            0.02777728306508759
        ],
        [
            0.07146156951415582,
            -0.07266931497846832,
            0.4528837749291007,
            0.0649823953199511,
            0.08506792938683075
        ],
        [
            0.11813034960503307,
            -0.1201268268011415,
            0.7486446075358603,
            0.10741987797787834,
            0.14062249551700595
        ],
        [
            0.14583993778399137,
            -0.14830472444585363,
            0.9242526018961232,
            0.13261713330602265,
            0.1736080191567974
        ],
        [
            0.14583993778399137,
            -0.14830472444585352,
            0.9242526018961221,
            0.13261713330602246,
            0.17360801915679736
        ],
        [
            0.11813034960503288,
            -0.12012682680114117,
            0.748644607535859,
            0.10741987797787822,
            0.14062249551700579
        ],
        [
            0.0714615695141555,
            -0.07266931497846807,
            0.4528837749290986,
            0.06498239531995087,
            0.08506792938683061
        ],
        [
            0.023334390045437914,
            -0.02372875591133572,
            0.14788041630337467,
            0.021218741328963286,
            0.02777728306508731
        ],
        [
            -4.440892098500626e-16,
            4.440892098500626e-16,
            -1.7763568394002505e-15,
            0.0,
            -4.440892098500626e-16
        ]
    ],
    "qdd": [
        [
            0.0,
            0.0,
            0.0,
            0.0,
            0.0
        ],
        [
            0.0735033286431317,
            -0.07474558112071028,
            0.4658233113556464,
            0.06683903518623542,
            0.0874984416550259
        ],
        [
            0.09187916080391459,
            -0.09343197640088782,
            0.5822791391945578,
            0.08354879398279427,
            0.10937305206878237
        ],
        [
            0.07087820976301983,
            -0.0720760960806849,
            0.44918676452151596,
            0.06445192678672698,
            0.0843734973102035
        ],
        [
            0.02625118880111832,
            -0.026694850400253545,
            0.16636546834130117,
            0.023871083995084058,
            0.03124944344822342
        ],
        [
            -0.026251188801118597,
            0.026694850400253767,
            -0.16636546834130383,
            -0.02387108399508414,
            -0.031249443448223724
        ],
        [
            -0.07087820976301995,
            0.07207609608068499,
            -0.4491867645215173,
            -0.06445192678672707,
            -0.08437349731020372
        ],
        [
            -0.0918791608039149,
            0.09343197640088796,
            -0.5822791391945596,
            -0.08354879398279424,
            -0.10937305206878256
        ],
        [
            -0.07350332864313214,
            0.07474558112071072,
            -0.46582331135564914,
            -0.06683903518623535,
            -0.08749844165502618
        ],
        [
            -4.440892098500626e-16,
            2.220446049250313e-16,
            -3.552713678800501e-15,
            0.0,
            0.0
        ]
    ]
}