{
    "t": [
        0.0,
        0.5555555555555556,
        1.1111111111111112,
        1.6666666666666667,
        2.2222222222222223,
        2.7777777777777777,
        3.3333333333333335,
        3.8888888888888893,
        4.444444444444445,
        5.0
    ],
    "q": [
        [
            0.0,
            0.0,
            0.0,
            0.0,
            0.0
        ],
        [
            0.0036060239936847784,
            -0.0034372777480302062,
            0.038217321241968846,
            0.005033560068531913,
            -0.01074948111776435
        ],
        [
            0.023891894654193422,
            -0.02277385785479044,
            0.25321079800846324,
            0.033350107238202635,
            -0.07122123172298495
        ],
        [
            0.0656232824577613,
            -0.0625523981370607,
            0.6954879033064905,
            0.09160192353790897,
            -0.19562161452636356
        ],
        [
            0.1240345169281531,
            -0.11823024077806102,
            1.314541164129043,
            0.17313672693875412,
            -0.36974426681719835
        ],
        [
            0.18864112301765074,
            -0.17981353858087526,
            1.9992541398607044,
            0.2633194969771651,
            -0.5623351906319454
        ],
        [
            0.24705235748804252,
            -0.23549138122187566,
            2.6183074006832587,
            0.3448543003780103,
            -0.7364578429227803
        ],
        [
            0.2887837452916102,
            -0.27526992150414553,
            3.0605845059812804,
            0.40310611667771634,
            -0.8608582257261574
        ],
        [
            0.30906961595211935,
            -0.2946065016109065,
            3.2755779827477784,
            0.4314226638473877,
            -0.9213299763313789
        ],
        [
            0.31267563994580305,
            -0.2980437793589361,
            3.3137953039897425,
            0.4364562239159193,
            -0.9320794574491407
        ]
    ],
    "qd": [
        [
            0.0,
            0.0,
            0.0,
            0.0,
            0.0
        ],
        [
            0.018300174628743893,
            -0.017443806016435224,
            0.193948696346908,
            0.02554476299096372,
            -0.054552432809094845
        ],
        [
            0.05604428480052817,
            -0.05342165592533287,
            0.5939678825624057,
            0.07823083665982639,
            -0.16706682547785293
        ],
        [
            0.09264463405801594,
            -0.08830926795820332,
            0.9818652752562218,
            0.1293203626417538,
            -0.2761716910960425
        ],
        [
            0.11437609142964929,
            -0.10902378760272012,
            1.2121793521681745,
            0.15965476869352324,
            -0.3409527050568425
        ],
        [
            0.11437609142964933,
            -0.10902378760272002,
            1.212179352168175,
            0.15965476869352313,
            -0.3409527050568423
        ],
        [
            0.09264463405801582,
            -0.08830926795820321,
            0.9818652752562214,
            0.12932036264175373,
            -0.27617169109604167
        ],
        [
            0.056044284800528144,
            -0.053421655925332656,
            0.5939678825624073,
            0.07823083665982622,
            -0.167066825477852
        ],
        [
            0.01830017462874345,
            -0.017443806016435026,
            0.19394869634690437,
            0.025544762990963532,
            -0.05455243280909272
        ],
        [
            0.0,
            0.0,
            0.0,
            0.0,
            8.881784197001252e-16
        ]
    ],
    "qdd": [
        [
            0.0,
            0.0,
            0.0,
            0.0,
            0.0
        ],
        [
            0.05764555008054327,
            -0.05494798895177095,
            0.6109383934927601,
            0.0804660034215357,
            -0.1718401633486487
        ],
        [
            0.07205693760067908,
            -0.06868498618971368,
            0.7636729918659502,
            0.10058250427691963,
            -0.2148002041858108
        ],
        [
            0.055586780434809586,
            -0.05298556077492199,
            0.5891191651537327,
            0.07759221758505226,
            -0.16570301465762544
        ],
        [
            0.02058769645733685,
            -0.0196242817684896,
            0.2181922833902714,
            0.028737858364834168,
            -0.061371486910231254
        ],
        [
            -0.020587696457336824,
            0.019624281768489626,
            -0.21819228339027097,
            -0.028737858364834223,
            0.061371486910231976
        ],
        [
            -0.055586780434809524,
            0.05298556077492195,
            -0.5891191651537335,
            -0.0775922175850523,
            0.16570301465762594
        ],
        [
            -0.0720569376006791,
            0.06868498618971364,
            -0.7636729918659491,
            -0.10058250427691962,
            0.2148002041858117
        ],
        [
            -0.057645550080543284,
            0.054947988951770776,
            -0.6109383934927592,
            -0.08046600342153543,
            0.17184016334865015
        ],
        [
            2.220446049250313e-16,
            -4.440892098500626e-16,
            3.552713678800501e-15,
            0.0,
            1.7763568394002505e-15
        ]
    ]
}